*はじめ	分岐の確認です。
天気	/seq
	今日は晴れです。
	/else
	今日は曇りです。
	/else
	今日は雨です。
	/end
	空を見上げました。
合図	/loop
	赤です。
	/else
	青です。
	/end
くじ	/random
	@set	$くじ甲	$くじ甲 + 1
	/else
	@set	$くじ乙	$くじ乙 + 1
	/end
	くじを引きました。
入れ子	/if	$段 >= 1
	/if	$段 >= 2
	二段目です。
	/else
	一段目です。
	/end
	/else
	まだ登っていません。
	/end
登る	@set	$段	$段 + 1
	一段登りました。
新しい章	@new_chapter
	新しい章を始めます。
順番を戻す	@reset_nodes
	順番を最初に戻しました。
勇気を出す	@set	$勇気	1
	勇気が湧いてきました。
冒険	/if	$勇気 >= 1
	どちらへ進みますか。
	＞	洞窟	山
	洞窟へ入りました。奥へ進みますか。
	＞	進む	引き返す
	宝箱を見つけました。
	/else
	入口へ引き返しました。
	/end
	洞窟を出ました。
	/else
	山へ登りました。
	/end
	冒険を続けます。
	/else
	勇気が足りません。
	/end
	一日が終わりました。
和名	/条件	$勇気 >= 1
	勇気があります。
	/さもなくば
	勇気がありません。
	/終わり
うらない	@ランダム
	吉です。
	@終わり
