共通のあいさつ	シートの先頭に書いた共通の応答です。
合図	シート共通の合図です。
倉庫へ	*倉庫
茶室へ	*茶室
離れへ	*離れ
夜の広場へ	*夜の広場
*部品
道具	部品の道具箱を開きました。
時刻	時刻は正午です。
*予備
助けて	予備の案内です。
時刻	予備の時計は止まっています。
*作業場	作業場に着きました。
@fallback	*予備
道具	作業場の道具棚です。
@include	*部品
時刻	作業場の時計は三時です。
合図	作業場の合図です。
*倉庫	倉庫に着きました。
許可をもらう	@set	$許可証	true
	許可証をもらいました。
@include_if	$許可証 == true	*部品
*型
作法	型どおりの作法です。
*茶室	茶室に着きました。
@template	*型
作法	茶室だけの作法です。
*離れ	離れに着きました。
@template
合図	離れの合図です。
*夜の広場	夜の広場に着きました。
灯りをつける	@set	$灯り	true
	灯りをつけました。
@filter	$灯り == true
看板	看板が読めました。
@filter
足音	足音が聞こえます。
